DATE,CPI,NC_UNEMP,Unrate
1948-01-01,23.68,891.3,3.4
1948-02-01,23.67,879.1,3.8
1948-03-01,23.5,894.1,4.0
1948-04-01,23.82,891.3,3.9
1948-05-01,24.01,894.2,3.5
1948-06-01,24.15,894.5,3.6
1948-07-01,24.4,872.1,3.6
1948-08-01,24.43,904.0,3.9
1948-09-01,24.36,912.4,3.8
1948-10-01,24.31,904.0,3.7
1948-11-01,24.16,897.2,3.8
1948-12-01,24.05,904.9,4.0
1949-01-01,24.01,869.5,4.3
1949-02-01,23.91,863.7,4.7
1949-03-01,23.91,857.1,5.0
1949-04-01,23.92,858.4,5.3
1949-05-01,23.91,847.4,6.1
1949-06-01,23.92,844.5,6.2
1949-07-01,23.7,837.8,6.7
1949-08-01,23.7,861.1,6.8
1949-09-01,23.75,884.7,6.6
1949-10-01,23.67,891.2,7.9
1949-11-01,23.7,894.1,6.4
1949-12-01,23.61,910.3,6.6
1950-01-01,23.51,888.5,6.5
1950-02-01,23.61,885.6,6.4
1950-03-01,23.64,889.4,6.3
1950-04-01,23.65,898.6,5.8
1950-05-01,23.77,899.9,5.5
1950-06-01,23.88,903.8,5.4
1950-07-01,24.07,905.2,5.0
1950-08-01,24.2,944.8,4.5
1950-09-01,24.34,973.2,4.4
1950-10-01,24.5,975.2,4.2
1950-11-01,24.6,978.6,4.2
1950-12-01,24.98,990.9,4.3
1951-01-01,25.38,974.6,3.7
1951-02-01,25.83,980.0,3.4
1951-03-01,25.88,990.7,3.4
1951-04-01,25.92,971.9,3.1
1951-05-01,25.99,975.1,3.0
1951-06-01,25.93,982.1,3.2
1951-07-01,25.91,972.7,3.1
1951-08-01,25.86,984.4,3.1
1951-09-01,26.03,998.3,3.3
1951-10-01,26.16,1000.1,3.5
1951-11-01,26.32,1000.7,3.5
1951-12-01,26.47,1016.4,3.1
1952-01-01,26.45,988.4,3.2
1952-02-01,26.41,984.6,3.1
1952-03-01,26.39,982.9,2.9
1952-04-01,26.46,987.9,2.9
1952-05-01,26.47,987.6,3.0
1952-06-01,26.53,996.0,3.0
1952-07-01,26.68,989.9,3.2
1952-08-01,26.69,1009.6,3.4
1952-09-01,26.63,1024.8,3.1
1952-10-01,26.69,1033.4,3.0
1952-11-01,26.69,1037.8,2.8
1952-12-01,26.71,1054.0,2.7
1953-01-01,26.64,1015.8,2.9
1953-02-01,26.59,1013.2,2.6
1953-03-01,26.63,1016.8,2.6
1953-04-01,26.69,1013.1,2.7
1953-05-01,26.7,1012.9,2.5
1953-06-01,26.77,1015.9,2.5
1953-07-01,26.79,1019.0,2.6
1953-08-01,26.85,1034.3,2.7
1953-09-01,26.89,1045.5,2.9
1953-10-01,26.95,1033.3,3.1
1953-11-01,26.85,1029.6,3.5
1953-12-01,26.87,1035.4,4.5
1954-01-01,26.94,996.6,4.9
1954-02-01,26.99,993.8,5.2
1954-03-01,26.93,993.8,5.7
1954-04-01,26.86,997.6,5.9
1954-05-01,26.93,989.8,5.9
1954-06-01,26.94,996.3,5.6
1954-07-01,26.86,991.0,5.8
1954-08-01,26.85,1013.6,6.0
1954-09-01,26.81,1031.6,6.1
1954-10-01,26.72,1041.5,5.7
1954-11-01,26.78,1044.8,5.3
1954-12-01,26.77,1052.5,5.0
1955-01-01,26.77,1023.7,4.9
1955-02-01,26.82,1024.1,4.7
1955-03-01,26.79,1033.6,4.6
1955-04-01,26.79,1034.3,4.7
1955-05-01,26.77,1042.3,4.3
1955-06-01,26.71,1051.9,4.2
1955-07-01,26.76,1039.8,4.0
1955-08-01,26.72,1061.1,4.2
1955-09-01,26.85,1090.0,4.1
1955-10-01,26.82,1100.9,4.3
1955-11-01,26.88,1101.0,4.2
1955-12-01,26.87,1109.8,4.2
1956-01-01,26.83,1089.0,4.0
1956-02-01,26.86,1087.8,3.9
1956-03-01,26.89,1092.9,4.2
1956-04-01,26.93,1081.5,4.0
1956-05-01,27.03,1084.8,4.3
1956-06-01,27.15,1087.7,4.3
1956-07-01,27.29,1085.7,4.4
1956-08-01,27.31,1104.8,4.1
1956-09-01,27.35,1122.3,3.9
1956-10-01,27.51,1113.6,3.9
1956-11-01,27.51,1117.1,4.3
1956-12-01,27.63,1123.0,4.2
1957-01-01,27.67,1089.3,4.2
1957-02-01,27.8,1084.7,3.9
1957-03-01,27.86,1086.4,3.7
1957-04-01,27.93,1094.0,3.9
1957-05-01,28.0,1092.7,4.1
1957-06-01,28.11,1093.0,4.3
1957-07-01,28.19,1090.0,4.2
1957-08-01,28.28,1109.5,4.1
1957-09-01,28.32,1126.1,4.4
1957-10-01,28.32,1120.2,4.5
1957-11-01,28.41,1113.2,5.1
1957-12-01,28.47,1117.5,5.2
1958-01-01,28.64,1088.4,5.8
1958-02-01,28.7,1079.2,6.4
1958-03-01,28.87,1082.5,6.7
1958-04-01,28.94,1083.4,7.4
1958-05-01,28.94,1089.7,7.4
1958-06-01,28.91,1094.8,7.3
1958-07-01,28.89,1092.7,7.5
1958-08-01,28.94,1117.4,7.4
1958-09-01,28.91,1144.9,7.1
1958-10-01,28.91,1145.8,6.7
1958-11-01,28.95,1142.0,6.2
1958-12-01,28.97,1144.3,6.2
1959-01-01,29.01,1118.6,6.0
1959-02-01,29.0,1124.0,5.9
1959-03-01,28.97,1132.3,5.6
1959-04-01,28.98,1143.8,5.2
1959-05-01,29.04,1150.6,5.1
1959-06-01,29.11,1157.4,5.0
1959-07-01,29.15,1154.0,5.1
1959-08-01,29.18,1179.5,5.2
1959-09-01,29.25,1201.7,5.5
1959-10-01,29.35,1200.8,5.7
1959-11-01,29.35,1196.7,5.8
1959-12-01,29.41,1205.0,5.3
1960-01-01,29.37,1172.9,5.2
1960-02-01,29.41,1169.2,4.8
1960-03-01,29.41,1162.2,5.4
1960-04-01,29.54,1193.3,5.2
1960-05-01,29.57,1192.6,5.1
1960-06-01,29.61,1194.5,5.4
1960-07-01,29.55,1187.9,5.5
1960-08-01,29.61,1202.5,5.6
1960-09-01,29.61,1225.0,5.5
1960-10-01,29.75,1218.1,6.1
1960-11-01,29.78,1216.0,6.1
1960-12-01,29.81,1211.8,6.6
1961-01-01,29.84,1175.0,6.6
1961-02-01,29.84,1168.5,6.9
1961-03-01,29.84,1178.3,6.9
1961-04-01,29.81,1184.6,7.0
1961-05-01,29.84,1193.3,7.1
1961-06-01,29.84,1200.1,6.9
1961-07-01,29.92,1201.3,7.0
1961-08-01,29.94,1224.3,6.6
1961-09-01,29.98,1248.9,6.7
1961-10-01,29.98,1244.8,6.5
1961-11-01,29.98,1245.1,6.1
1961-12-01,30.01,1245.2,6.0
1962-01-01,30.04,1215.8,5.8
1962-02-01,30.11,1222.5,5.5
1962-03-01,30.17,1227.5,5.6
1962-04-01,30.21,1241.8,5.6
1962-05-01,30.24,1249.0,5.5
1962-06-01,30.21,1249.4,5.5
1962-07-01,30.22,1252.5,5.4
1962-08-01,30.28,1274.6,5.7
1962-09-01,30.42,1298.7,5.6
1962-10-01,30.38,1296.1,5.4
1962-11-01,30.38,1286.4,5.7
1962-12-01,30.38,1287.8,5.5
1963-01-01,30.44,1259.9,5.7
1963-02-01,30.48,1260.0,5.9
1963-03-01,30.51,1268.0,5.7
1963-04-01,30.48,1284.1,5.7
1963-05-01,30.51,1287.7,5.9
1963-06-01,30.61,1292.1,5.6
1963-07-01,30.69,1290.7,5.6
1963-08-01,30.75,1313.2,5.4
1963-09-01,30.72,1334.2,5.5
1963-10-01,30.75,1332.4,5.5
1963-11-01,30.78,1330.0,5.7
1963-12-01,30.88,1331.0,5.5
1964-01-01,30.94,1310.7,5.6
1964-02-01,30.91,1307.9,5.4
1964-03-01,30.94,1318.6,5.4
1964-04-01,30.95,1328.7,5.3
1964-05-01,30.98,1337.4,5.1
1964-06-01,31.01,1346.4,5.2
1964-07-01,31.02,1344.4,4.9
1964-08-01,31.05,1363.1,5.0
1964-09-01,31.08,1389.6,5.1
1964-10-01,31.12,1398.5,5.1
1964-11-01,31.21,1395.5,4.8
1964-12-01,31.25,1403.9,5.0
1965-01-01,31.28,1377.5,4.9
1965-02-01,31.28,1380.0,5.1
1965-03-01,31.31,1390.1,4.7
1965-04-01,31.38,1408.1,4.8
1965-05-01,31.48,1414.8,4.6
1965-06-01,31.61,1424.5,4.6
1965-07-01,31.58,1427.1,4.4
1965-08-01,31.55,1446.0,4.4
1965-09-01,31.62,1464.9,4.3
1965-10-01,31.65,1475.4,4.2
1965-11-01,31.75,1476.8,4.1
1965-12-01,31.85,1489.5,4.0
1966-01-01,31.88,1467.6,4.0
1966-02-01,32.08,1473.6,3.8
1966-03-01,32.18,1492.1,3.8
1966-04-01,32.28,1510.8,3.8
1966-05-01,32.35,1517.5,3.9
1966-06-01,32.38,1534.4,3.8
1966-07-01,32.45,1533.6,3.8
1966-08-01,32.65,1552.8,3.8
1966-09-01,32.75,1569.0,3.7
1966-10-01,32.85,1580.1,3.7
1966-11-01,32.88,1584.7,3.6
1966-12-01,32.92,1595.0,3.8
1967-01-01,32.9,1565.0,3.9
1967-02-01,33.0,1563.3,3.8
1967-03-01,33.0,1574.0,3.8
1967-04-01,33.1,1580.4,3.8
1967-05-01,33.1,1583.8,3.8
1967-06-01,33.3,1598.4,3.9
1967-07-01,33.4,1584.6,3.8
1967-08-01,33.5,1603.0,3.8
1967-09-01,33.6,1625.5,3.8
1967-10-01,33.7,1635.7,4.0
1967-11-01,33.9,1646.0,3.9
1967-12-01,34.0,1650.5,3.8
1968-01-01,34.1,1609.8,3.7
1968-02-01,34.2,1630.5,3.8
1968-03-01,34.3,1639.3,3.7
1968-04-01,34.4,1653.8,3.5
1968-05-01,34.5,1661.3,3.5
1968-06-01,34.7,1680.3,3.7
1968-07-01,34.9,1680.4,3.7
1968-08-01,35.0,1695.0,3.5
1968-09-01,35.1,1712.3,3.4
1968-10-01,35.3,1720.0,3.4
1968-11-01,35.4,1725.4,3.4
1968-12-01,35.6,1735.6,3.4
1969-01-01,35.7,1706.7,3.4
1969-02-01,35.8,1714.2,3.4
1969-03-01,36.1,1722.0,3.4
1969-04-01,36.3,1725.2,3.4
1969-05-01,36.4,1729.2,3.4
1969-06-01,36.6,1748.9,3.5
1969-07-01,36.8,1739.8,3.5
1969-08-01,36.9,1753.4,3.5
1969-09-01,37.1,1769.9,3.7
1969-10-01,37.3,1780.3,3.7
1969-11-01,37.5,1785.2,3.5
1969-12-01,37.7,1789.4,3.5
1970-01-01,37.9,1757.8,3.9
1970-02-01,38.1,1765.5,4.2
1970-03-01,38.3,1773.4,4.4
1970-04-01,38.5,1775.0,4.6
1970-05-01,38.6,1776.1,4.8
1970-06-01,38.8,1784.0,4.9
1970-07-01,38.9,1773.4,5.0
1970-08-01,39.0,1784.4,5.1
1970-09-01,39.2,1798.5,5.4
1970-10-01,39.4,1798.9,5.5
1970-11-01,39.6,1800.2,5.9
1970-12-01,39.8,1806.2,6.1
1971-01-01,39.9,1773.3,5.9
1971-02-01,39.9,1773.8,5.9
1971-03-01,40.0,1781.7,6.0
1971-04-01,40.1,1791.8,5.9
1971-05-01,40.3,1799.9,5.9
1971-06-01,40.5,1807.3,5.9
1971-07-01,40.6,1803.8,6.0
1971-08-01,40.7,1814.5,6.1
1971-09-01,40.8,1845.0,6.0
1971-10-01,40.9,1847.6,5.8
1971-11-01,41.0,1855.4,6.0
1971-12-01,41.1,1867.6,6.0
1972-01-01,41.2,1852.2,5.8
1972-02-01,41.4,1862.2,5.7
1972-03-01,41.4,1881.2,5.8
1972-04-01,41.5,1888.4,5.7
1972-05-01,41.6,1895.0,5.7
1972-06-01,41.7,1911.2,5.7
1972-07-01,41.8,1906.1,5.6
1972-08-01,41.9,1922.3,5.6
1972-09-01,42.1,1936.3,5.5
1972-10-01,42.2,1950.7,5.6
1972-11-01,42.4,1963.2,5.3
1972-12-01,42.5,1974.6,5.2
1973-01-01,42.7,1930.0,4.9
1973-02-01,43.0,1954.1,5.0
1973-03-01,43.4,1972.4,4.9
1973-04-01,43.7,1998.0,5.0
1973-05-01,43.9,2009.1,4.9
1973-06-01,44.2,2017.7,4.9
1973-07-01,44.2,2010.1,4.8
1973-08-01,45.0,2033.5,4.8
1973-09-01,45.2,2056.4,4.8
1973-10-01,45.6,2070.7,4.6
1973-11-01,45.9,2081.6,4.8
1973-12-01,46.3,2084.0,4.9
1974-01-01,46.8,2030.1,5.1
1974-02-01,47.3,2029.2,5.2
1974-03-01,47.8,2037.6,5.1
1974-04-01,48.1,2056.7,5.1
1974-05-01,48.6,2069.4,5.1
1974-06-01,49.0,2098.7,5.4
1974-07-01,49.3,2052.6,5.5
1974-08-01,49.9,2066.9,5.5
1974-09-01,50.6,2080.3,5.9
1974-10-01,51.0,2043.7,6.0
1974-11-01,51.5,2021.5,6.6
1974-12-01,51.9,1991.7,7.2
1975-01-01,52.3,1938.8,8.1
1975-02-01,52.6,1922.6,8.1
1975-03-01,52.8,1918.1,8.6
1975-04-01,53.0,1934.1,8.8
1975-05-01,53.1,1954.4,9.0
1975-06-01,53.5,1983.3,8.8
1975-07-01,54.0,1958.6,8.6
1975-08-01,54.2,1992.7,8.4
1975-09-01,54.6,2021.6,8.4
1975-10-01,54.9,2037.8,8.4
1975-11-01,55.3,2044.8,8.3
1975-12-01,55.6,2051.2,8.2
1976-01-01,55.8,2026.8,7.9
1976-02-01,55.9,2034.7,7.7
1976-03-01,56.0,2049.4,7.6
1976-04-01,56.1,2062.8,7.7
1976-05-01,56.4,2073.9,7.4
1976-06-01,56.7,2098.3,7.6
1976-07-01,57.0,2069.8,7.8
1976-08-01,57.3,2092.7,7.8
1976-09-01,57.6,2115.0,7.6
1976-10-01,57.9,2118.0,7.7
1976-11-01,58.1,2123.1,7.8
1976-12-01,58.4,2128.7,7.8
1977-01-01,58.7,2090.2,7.5
1977-02-01,59.3,2099.6,7.6
1977-03-01,59.6,2121.2,7.4
1977-04-01,60.0,2137.1,7.2
1977-05-01,60.2,2150.0,7.0
1977-06-01,60.5,2179.9,7.2
1977-07-01,60.8,2158.1,6.9
1977-08-01,61.1,2183.1,7.0
1977-09-01,61.3,2217.1,6.8
1977-10-01,61.6,2230.0,6.8
1977-11-01,62.0,2234.5,6.8
1977-12-01,62.3,2245.8,6.4
1978-01-01,62.7,2203.8,6.4
1978-02-01,63.0,2217.3,6.3
1978-03-01,63.4,2224.9,6.3
1978-04-01,63.9,2246.7,6.1
1978-05-01,64.5,2255.9,6.0
1978-06-01,65.0,2286.7,5.9
1978-07-01,65.5,2251.0,6.2
1978-08-01,65.9,2277.8,5.9
1978-09-01,66.5,2341.7,6.0
1978-10-01,67.1,2335.8,5.8
1978-11-01,67.5,2344.7,5.9
1978-12-01,67.9,2343.4,6.0
1979-01-01,68.5,2325.4,5.9
1979-02-01,69.2,2325.6,5.9
1979-03-01,69.9,2348.6,5.8
1979-04-01,70.6,2362.6,5.8
1979-05-01,71.4,2372.2,5.6
1979-06-01,72.2,2398.8,5.7
1979-07-01,73.0,2348.3,5.7
1979-08-01,73.7,2366.9,6.0
1979-09-01,74.4,2405.4,5.9
1979-10-01,75.2,2406.0,6.0
1979-11-01,76.0,2406.7,5.9
1979-12-01,76.9,2409.8,6.0
1980-01-01,78.0,2370.0,6.3
1980-02-01,79.0,2367.5,6.3
1980-03-01,80.1,2379.2,6.3
1980-04-01,80.9,2391.6,6.9
1980-05-01,81.7,2390.9,7.5
1980-06-01,82.5,2391.9,7.6
1980-07-01,82.6,2319.2,7.8
1980-08-01,83.2,2342.9,7.7
1980-09-01,83.9,2391.2,7.5
1980-10-01,84.7,2402.5,7.5
1980-11-01,85.6,2407.8,7.5
1980-12-01,86.4,2405.9,7.2
1981-01-01,87.2,2364.8,7.5
1981-02-01,88.0,2370.1,7.4
1981-03-01,88.6,2386.2,7.4
1981-04-01,89.1,2396.7,7.2
1981-05-01,89.7,2402.0,7.5
1981-06-01,90.5,2422.7,7.5
1981-07-01,91.5,2356.5,7.2
1981-08-01,92.2,2369.4,7.4
1981-09-01,93.1,2414.4,7.6
1981-10-01,93.4,2414.4,7.9
1981-11-01,93.8,2408.3,8.3
1981-12-01,94.1,2393.5,8.5
1982-01-01,94.4,2331.7,8.6
1982-02-01,94.7,2338.0,8.9
1982-03-01,94.7,2342.5,9.0
1982-04-01,95.0,2351.9,9.3
1982-05-01,95.9,2352.4,9.4
1982-06-01,97.0,2360.8,9.6
1982-07-01,97.5,2304.0,9.8
1982-08-01,97.7,2321.5,9.8
1982-09-01,97.7,2368.9,10.1
1982-10-01,98.1,2365.0,10.4
1982-11-01,98.0,2361.1,10.8
1982-12-01,97.7,2366.2,10.8
1983-01-01,97.9,2327.4,10.4
1983-02-01,98.0,2330.3,10.4
1983-03-01,98.1,2356.1,10.3
1983-04-01,98.8,2383.6,10.2
1983-05-01,99.2,2400.0,10.1
1983-06-01,99.4,2433.6,10.1
1983-07-01,99.8,2396.9,9.4
1983-08-01,100.1,2410.4,9.5
1983-09-01,100.4,2477.7,9.2
1983-10-01,100.8,2496.7,8.8
1983-11-01,101.1,2504.0,8.5
1983-12-01,101.4,2514.3,8.3
1984-01-01,102.1,2487.2,8.0
1984-02-01,102.6,2502.1,7.8
1984-03-01,102.9,2529.7,7.8
1984-04-01,103.3,2545.6,7.7
1984-05-01,103.5,2563.6,7.4
1984-06-01,103.7,2584.5,7.2
1984-07-01,104.1,2532.8,7.5
1984-08-01,104.4,2557.1,7.5
1984-09-01,104.7,2611.2,7.3
1984-10-01,105.1,2619.9,7.4
1984-11-01,105.3,2623.9,7.2
1984-12-01,105.5,2624.5,7.3
1985-01-01,105.7,2588.5,7.3
1985-02-01,106.3,2594.1,7.2
1985-03-01,106.8,2620.9,7.2
1985-04-01,107.0,2642.9,7.3
1985-05-01,107.2,2650.7,7.2
1985-06-01,107.5,2663.3,7.4
1985-07-01,107.7,2603.9,7.4
1985-08-01,107.9,2630.8,7.1
1985-09-01,108.1,2679.7,7.1
1985-10-01,108.5,2707.8,7.1
1985-11-01,109.0,2714.1,7.0
1985-12-01,109.5,2717.7,7.0
1986-01-01,109.9,2673.8,6.7
1986-02-01,109.7,2681.7,7.2
1986-03-01,109.1,2701.0,7.2
1986-04-01,108.7,2721.1,7.1
1986-05-01,109.0,2735.5,7.2
1986-06-01,109.4,2757.1,7.2
1986-07-01,109.5,2710.2,7.0
1986-08-01,109.6,2737.7,6.9
1986-09-01,110.0,2779.9,7.0
1986-10-01,110.2,2804.0,7.0
1986-11-01,110.4,2810.0,6.9
1986-12-01,110.8,2817.2,6.6
1987-01-01,111.4,2779.4,6.6
1987-02-01,111.8,2783.8,6.6
1987-03-01,112.2,2817.0,6.6
1987-04-01,112.7,2839.1,6.3
1987-05-01,113.0,2858.1,6.3
1987-06-01,113.5,2880.8,6.2
1987-07-01,113.8,2835.4,6.1
1987-08-01,114.3,2856.4,6.0
1987-09-01,114.7,2899.3,5.9
1987-10-01,115.0,2928.0,6.0
1987-11-01,115.4,2935.6,5.8
1987-12-01,115.6,2938.6,5.7
1988-01-01,116.0,2882.5,5.7
1988-02-01,116.2,2913.3,5.7
1988-03-01,116.5,2943.4,5.7
1988-04-01,117.2,2961.3,5.4
1988-05-01,117.5,2978.4,5.6
1988-06-01,118.0,3006.1,5.4
1988-07-01,118.5,2968.1,5.4
1988-08-01,119.0,2992.4,5.6
1988-09-01,119.5,3040.4,5.4
1988-10-01,119.9,3041.8,5.4
1988-11-01,120.3,3053.0,5.3
1988-12-01,120.7,3057.9,5.3
1989-01-01,121.2,2997.7,5.4
1989-02-01,121.6,3015.5,5.2
1989-03-01,122.2,3034.2,5.0
1989-04-01,123.1,3054.6,5.2
1989-05-01,123.7,3071.0,5.2
1989-06-01,124.1,3102.5,5.3
1989-07-01,124.5,3045.2,5.2
1989-08-01,124.5,3072.9,5.2
1989-09-01,124.8,3109.1,5.3
1989-10-01,125.4,3121.9,5.3
1989-11-01,125.9,3131.4,5.4
1989-12-01,126.3,3130.9,5.4
1990-01-01,127.5,3074.1,5.4
1990-02-01,128.0,3094.4,5.3
1990-03-01,128.6,3116.9,5.2
1990-04-01,128.9,3127.3,5.4
1990-05-01,129.1,3145.1,5.4
1990-06-01,129.9,3162.9,5.2
1990-07-01,130.5,3098.0,5.5
1990-08-01,131.6,3118.7,5.7
1990-09-01,132.5,3142.9,5.9
1990-10-01,133.4,3134.0,5.9
1990-11-01,133.7,3142.8,6.2
1990-12-01,134.2,3128.2,6.3
1991-01-01,134.7,3041.3,6.4
1991-02-01,134.8,3037.3,6.6
1991-03-01,134.8,3044.8,6.8
1991-04-01,135.1,3057.6,6.7
1991-05-01,135.6,3078.5,6.9
1991-06-01,136.0,3091.2,6.9
1991-07-01,136.2,3040.3,6.8
1991-08-01,136.6,3074.4,6.9
1991-09-01,137.0,3103.1,6.9
1991-10-01,137.2,3118.7,7.0
1991-11-01,137.8,3120.1,7.0
1991-12-01,138.2,3115.8,7.3
1992-01-01,138.3,3054.5,7.3
1992-02-01,138.6,3063.0,7.4
1992-03-01,139.1,3088.4,7.4
1992-04-01,139.4,3111.7,7.4
1992-05-01,139.7,3142.1,7.6
1992-06-01,140.1,3171.0,7.8
1992-07-01,140.5,3117.0,7.7
1992-08-01,140.8,3148.5,7.6
1992-09-01,141.1,3180.1,7.6
1992-10-01,141.7,3197.4,7.3
1992-11-01,142.1,3207.7,7.4
1992-12-01,142.3,3209.6,7.4
1993-01-01,142.8,3142.7,7.3
1993-02-01,143.1,3161.3,7.1
1993-03-01,143.3,3178.3,7.0
1993-04-01,143.8,3214.1,7.1
1993-05-01,144.2,3237.8,7.1
1993-06-01,144.3,3267.3,7.0
1993-07-01,144.5,3227.4,6.9
1993-08-01,144.8,3251.9,6.8
1993-09-01,145.0,3282.2,6.7
1993-10-01,145.6,3300.3,6.8
1993-11-01,146.0,3321.4,6.6
1993-12-01,146.3,3327.4,6.5
1994-01-01,146.3,3246.5,6.6
1994-02-01,146.7,3261.6,6.6
1994-03-01,147.1,3297.0,6.5
1994-04-01,147.2,3323.4,6.4
1994-05-01,147.5,3347.5,6.1
1994-06-01,147.9,3383.1,6.1
1994-07-01,148.4,3318.5,6.1
1994-08-01,149.0,3355.6,6.0
1994-09-01,149.3,3401.7,5.9
1994-10-01,149.4,3413.7,5.8
1994-11-01,149.8,3433.3,5.6
1994-12-01,150.1,3438.6,5.5
1995-01-01,150.5,3366.6,5.6
1995-02-01,150.9,3381.2,5.4
1995-03-01,151.2,3412.5,5.4
1995-04-01,151.8,3426.3,5.8
1995-05-01,152.1,3450.6,5.6
1995-06-01,152.4,3481.2,5.6
1995-07-01,152.6,3410.5,5.7
1995-08-01,152.9,3440.4,5.7
1995-09-01,153.1,3487.7,5.6
1995-10-01,153.5,3506.6,5.5
1995-11-01,153.7,3519.5,5.6
1995-12-01,153.9,3528.6,5.6
1996-01-01,154.7,3418.8,5.6
1996-02-01,155.0,3456.0,5.5
1996-03-01,155.5,3488.9,5.5
1996-04-01,156.1,3507.3,5.6
1996-05-01,156.4,3547.7,5.6
1996-06-01,156.7,3576.3,5.3
1996-07-01,157.0,3491.3,5.5
1996-08-01,157.2,3531.8,5.1
1996-09-01,157.7,3571.3,5.2
1996-10-01,158.2,3591.6,5.2
1996-11-01,158.7,3613.2,5.4
1996-12-01,159.1,3625.4,5.4
1997-01-01,159.4,3544.4,5.3
1997-02-01,159.7,3564.9,5.2
1997-03-01,159.8,3601.8,5.2
1997-04-01,159.9,3626.0,5.1
1997-05-01,159.9,3657.0,4.9
1997-06-01,160.2,3680.3,5.0
1997-07-01,160.4,3605.3,4.9
1997-08-01,160.8,3645.4,4.8
1997-09-01,161.2,3701.6,4.9
1997-10-01,161.5,3713.6,4.7
1997-11-01,161.7,3731.8,4.6
1997-12-01,161.8,3740.4,4.7
1998-01-01,162.0,3648.2,4.6
1998-02-01,162.0,3669.5,4.6
1998-03-01,162.0,3702.0,4.7
1998-04-01,162.2,3732.8,4.3
1998-05-01,162.6,3759.7,4.4
1998-06-01,162.8,3787.2,4.5
1998-07-01,163.2,3717.3,4.5
1998-08-01,163.4,3767.6,4.5
1998-09-01,163.5,3807.1,4.6
1998-10-01,163.9,3816.0,4.5
1998-11-01,164.1,3829.7,4.4
1998-12-01,164.4,3837.0,4.4
1999-01-01,164.7,3755.0,4.3
1999-02-01,164.7,3784.6,4.4
1999-03-01,164.8,3812.4,4.2
1999-04-01,165.9,3834.7,4.3
1999-05-01,166.0,3846.2,4.2
1999-06-01,166.0,3855.5,4.3
1999-07-01,166.7,3807.0,4.3
1999-08-01,167.1,3852.3,4.2
1999-09-01,167.8,3873.3,4.2
1999-10-01,168.1,3899.0,4.1
1999-11-01,168.4,3908.1,4.1
1999-12-01,168.8,3918.0,4.0
2000-01-01,169.3,3818.7,4.0
2000-02-01,170.0,3839.5,4.1
2000-03-01,171.0,3884.5,4.0
2000-04-01,170.9,3906.5,3.8
2000-05-01,171.2,3936.4,4.0
2000-06-01,172.2,3955.8,4.0
2000-07-01,172.7,3879.5,4.0
2000-08-01,172.7,3929.1,4.1
2000-09-01,173.6,3946.5,3.9
2000-10-01,173.9,3941.3,3.9
2000-11-01,174.2,3951.0,3.9
2000-12-01,174.6,3946.7,3.9
2001-01-01,175.6,3877.8,4.2
2001-02-01,176.0,3892.8,4.2
2001-03-01,176.1,3910.3,4.3
2001-04-01,176.4,3912.9,4.4
2001-05-01,177.3,3928.0,4.3
2001-06-01,177.7,3919.9,4.5
2001-07-01,177.4,3841.3,4.6
2001-08-01,177.4,3884.0,4.9
2001-09-01,178.1,3887.1,5.0
2001-10-01,177.6,3882.5,5.3
2001-11-01,177.5,3873.7,5.5
2001-12-01,177.4,3863.0,5.7
2002-01-01,177.7,3779.0,5.7
2002-02-01,178.0,3795.2,5.7
2002-03-01,178.5,3823.8,5.7
2002-04-01,179.3,3848.5,5.9
2002-05-01,179.5,3871.0,5.8
2002-06-01,179.6,3854.2,5.8
2002-07-01,180.0,3789.4,5.8
2002-08-01,180.5,3840.4,5.7
2002-09-01,180.8,3850.9,5.7
2002-10-01,181.2,3855.9,5.7
2002-11-01,181.5,3851.3,5.9
2002-12-01,181.8,3844.3,6.0
2003-01-01,182.6,3747.2,5.8
2003-02-01,183.6,3749.8,5.9
2003-03-01,183.9,3772.6,5.9
2003-04-01,183.2,3792.5,6.0
2003-05-01,182.9,3819.6,6.1
2003-06-01,183.1,3804.1,6.3
2003-07-01,183.7,3712.9,6.2
2003-08-01,184.5,3773.1,6.1
2003-09-01,185.1,3797.5,6.1
2003-10-01,184.9,3819.0,6.0
2003-11-01,185.0,3813.7,5.8
2003-12-01,185.5,3817.6,5.7
2004-01-01,186.3,3733.7,5.7
2004-02-01,186.7,3744.0,5.6
2004-03-01,187.1,3780.5,5.8
2004-04-01,187.4,3814.1,5.6
2004-05-01,188.2,3846.6,5.6
2004-06-01,188.9,3839.7,5.6
2004-07-01,189.1,3792.0,5.5
2004-08-01,189.2,3853.6,5.4
2004-09-01,189.8,3882.2,5.4
2004-10-01,190.8,3886.4,5.5
2004-11-01,191.7,3895.9,5.4
2004-12-01,191.7,3905.4,5.4
2005-01-01,191.6,3826.9,5.3
2005-02-01,192.4,3843.1,5.4
2005-03-01,193.1,3873.6,5.2
2005-04-01,193.7,3900.4,5.2
2005-05-01,193.6,3920.1,5.1
2005-06-01,193.7,3904.5,5.0
2005-07-01,194.9,3848.3,5.0
2005-08-01,196.1,3920.0,4.9
2005-09-01,198.8,3955.7,5.0
2005-10-01,199.1,3962.1,5.0
2005-11-01,198.1,3976.7,5.0
2005-12-01,198.1,3979.1,4.9
2006-01-01,199.3,3915.9,4.7
2006-02-01,199.4,3930.8,4.8
2006-03-01,199.7,3967.1,4.7
2006-04-01,200.7,4013.1,4.7
2006-05-01,201.3,4045.3,4.6
2006-06-01,201.8,4042.2,4.6
2006-07-01,202.9,3984.7,4.7
2006-08-01,203.8,4057.0,4.7
2006-09-01,202.8,4082.6,4.5
2006-10-01,201.9,4105.0,4.4
2006-11-01,202.0,4131.5,4.5
2006-12-01,203.1,4137.0,4.4
2007-01-01,203.437,4048.4,4.6
2007-02-01,204.226,4070.7,4.5
2007-03-01,205.288,4110.8,4.4
2007-04-01,205.904,4120.3,4.5
2007-05-01,206.755,4157.9,4.4
2007-06-01,207.234,4161.2,4.6
2007-07-01,207.603,4074.5,4.7
2007-08-01,207.667,4153.2,4.6
2007-09-01,208.547,4179.5,4.7
2007-10-01,209.19,4182.8,4.7
2007-11-01,210.834,4200.7,4.7
2007-12-01,211.445,4203.9,5.0
2008-01-01,212.174,4108.7,5.0
2008-02-01,212.687,4128.4,4.9
2008-03-01,213.448,4149.3,5.1
2008-04-01,213.942,4150.4,5.0
2008-05-01,215.208,4176.1,5.4
2008-06-01,217.463,4157.6,5.6
2008-07-01,219.016,4065.5,5.8
2008-08-01,218.69,4133.8,6.1
2008-09-01,218.877,4153.2,6.1
2008-10-01,216.995,4129.4,6.5
2008-11-01,213.153,4110.4,6.8
2008-12-01,211.398,4087.5,7.3
2009-01-01,211.933,3945.4,7.8
2009-02-01,212.705,3933.8,8.3
2009-03-01,212.495,3927.1,8.7
2009-04-01,212.709,3919.6,9.0
2009-05-01,213.022,3934.8,9.4
2009-06-01,214.79,3907.8,9.5
2009-07-01,214.726,3816.6,9.5
2009-08-01,215.445,3877.4,9.6
2009-09-01,215.861,3900.7,9.8
2009-10-01,216.509,3887.7,10.0
2009-11-01,217.234,3891.2,9.9
2009-12-01,217.347,3880.4,9.9
2010-01-01,217.488,3790.0,9.8
2010-02-01,217.281,3795.3,9.8
2010-03-01,217.353,3831.1,9.9
2010-04-01,217.403,3864.6,9.9
2010-05-01,217.29,3905.4,9.6
2010-06-01,217.199,3884.5,9.4
2010-07-01,217.605,3808.3,9.4
2010-08-01,217.923,3875.1,9.5
2010-09-01,218.275,3891.2,9.5
2010-10-01,219.035,3919.4,9.4
2010-11-01,219.59,3929.1,9.8
2010-12-01,220.472,3918.9,9.3
2011-01-01,221.187,3824.5,9.1
2011-02-01,221.898,3859.6,9.0
2011-03-01,223.046,3889.5,9.0
2011-04-01,224.093,3921.2,9.1
2011-05-01,224.806,3941.0,9.0
2011-06-01,224.806,3926.8,9.1
2011-07-01,225.395,3851.2,9.0
2011-08-01,226.106,3923.9,9.0
2011-09-01,226.597,3944.5,9.0
2011-10-01,226.75,3958.4,8.8
2011-11-01,227.169,3973.3,8.6
2011-12-01,227.223,3968.0,8.5
2012-01-01,227.842,3898.0,8.3
2012-02-01,228.329,3922.3,8.3
2012-03-01,228.807,3955.7,8.2
2012-04-01,229.187,3981.5,8.2
2012-05-01,228.713,4013.7,8.2
2012-06-01,228.524,3987.2,8.2
2012-07-01,228.59,3909.6,8.2
2012-08-01,229.918,3993.0,8.1
2012-09-01,231.015,4016.5,7.8
2012-10-01,231.638,4037.7,7.8
2012-11-01,231.249,4056.7,7.7
2012-12-01,231.221,4052.4,7.9
2013-01-01,231.679,3964.0,8.0
2013-02-01,232.937,3993.7,7.7
2013-03-01,232.282,4022.9,7.5
2013-04-01,231.797,4049.9,7.6
2013-05-01,231.893,4076.8,7.5
2013-06-01,232.445,4056.1,7.5
2013-07-01,232.9,3983.3,7.3
2013-08-01,233.456,4064.3,7.2
2013-09-01,233.544,4090.8,7.2
2013-10-01,233.669,4115.0,7.2
2013-11-01,234.1,4131.5,6.9
2013-12-01,234.719,4130.4,6.7
2014-01-01,235.347,4039.7,6.6
2014-02-01,235.522,4040.2,6.7
2014-03-01,235.956,4088.0,6.7
2014-04-01,236.463,4131.4,6.3
2014-05-01,236.867,4166.8,6.3
2014-06-01,237.188,4151.7,6.1
2014-07-01,237.485,4076.1,6.2
2014-08-01,237.439,4152.2,6.2
2014-09-01,237.452,4172.1,5.9
2014-10-01,237.447,4207.0,5.7
2014-11-01,237.042,4223.4,5.8
2014-12-01,236.27,4226.7,5.6
2015-01-01,234.836,4141.5,5.7
2015-02-01,235.274,4164.7,5.5
2015-03-01,235.956,4183.7,5.5
2015-04-01,236.165,4221.0,5.4
2015-05-01,236.952,4260.6,5.5
2015-06-01,237.618,4251.4,5.3
2015-07-01,237.993,4178.8,5.2
2015-08-01,237.989,4246.5,5.1
2015-09-01,237.467,4271.9,5.0
2015-10-01,237.764,4309.3,5.0
2015-11-01,238.072,4325.0,5.0
2015-12-01,237.827,4330.2,5.0
2016-01-01,237.99,4239.7,4.9
2016-02-01,237.532,4265.1,4.9
2016-03-01,238.022,4297.5,5.0
2016-04-01,238.843,4337.8,5.0
2016-05-01,239.439,4364.2,4.7
2016-06-01,240.074,4358.6,4.9
2016-07-01,240.058,4290.3,4.9
2016-08-01,240.569,4350.2,4.9
2016-09-01,241.017,4374.0,5.0
2016-10-01,241.667,4389.8,4.9
2016-11-01,242.081,4416.0,4.6
2016-12-01,242.784,4409.2,4.7
2017-01-01,244.028,4319.9,4.8
2017-02-01,244.102,4355.7,4.7
2017-03-01,243.717,4376.8,4.5
2017-04-01,244.087,4402.3,4.4
2017-05-01,243.911,4436.0,4.3
2017-06-01,244.032,4437.3,4.3
2017-07-01,244.236,4362.1,4.3
2017-08-01,245.262,4425.1,4.4
2017-09-01,246.392,4433.5,4.2
2017-10-01,246.583,4465.4,4.1
2017-11-01,247.411,4480.5,4.1
2017-12-01,247.91,4484.6,4.1
2018-01-01,249.245,4396.3,4.1
2018-02-01,249.619,4428.8,4.1
2018-03-01,249.462,4459.3,4.1
2018-04-01,250.013,4482.2,3.9
2018-05-01,250.535,4534.1,3.8
2018-06-01,250.857,4539.7,4.0
2018-07-01,251.286,4473.1,3.9
